stock_id,r_squared,valid_count,invalid_count,incomplete_count
000001.SZ,0.1162,43346,20,17
000002.SZ,0.0650,50976,9,37
000004.SZ,-0.0532,4977,1789,4
000005.SZ,0.1177,3863,2024,4
000006.SZ,0.1922,18808,553,7
000007.SZ,0.0195,3383,1971,4
000008.SZ,0.0644,9313,1170,3
000009.SZ,0.1665,27546,90,10
000010.SZ,0.4062,1160,1729,2
000011.SZ,0.0745,29218,138,15
000012.SZ,0.1525,15853,533,7
000014.SZ,0.0439,6750,1805,6
000016.SZ,0.0738,16750,430,5
000019.SZ,0.1955,15263,1156,6
000020.SZ,0.1517,4936,2093,2
000021.SZ,0.1208,25288,130,12
000023.SZ,0.1666,3781,1959,4
000025.SZ,0.2050,9905,1537,6
000026.SZ,0.2049,19650,1207,3
000027.SZ,0.3175,7573,1591,3
000028.SZ,0.2323,13139,989,6
000029.SZ,nan,0,479,1
000030.SZ,0.1361,8920,1691,3
000031.SZ,0.2504,6073,2038,3
000032.SZ,0.2023,9548,1672,4
000034.SZ,0.1370,14930,713,5
000035.SZ,0.3203,4480,2008,3
000036.SZ,0.2757,7886,1788,5
000037.SZ,0.1105,5453,2111,3
000038.SZ,-0.0264,11785,1020,4
000039.SZ,0.1534,15602,737,11
000040.SZ,-0.0953,6460,1604,3
000042.SZ,-0.0066,1565,1817,4
000045.SZ,0.0352,10121,6682,9
000046.SZ,-0.0600,7438,1906,5
000048.SZ,0.1602,4362,2100,2
000049.SZ,0.2024,10735,1480,4
000050.SZ,0.2381,20079,665,8
000055.SZ,0.1791,6129,1999,2
000056.SZ,0.2652,3290,2240,1
000058.SZ,0.1244,22309,530,8
000059.SZ,0.2704,12915,1820,4
000060.SZ,0.2086,10875,1028,7
000061.SZ,0.2629,13739,949,7
000062.SZ,0.2325,7711,1645,3
000063.SZ,0.0634,67598,21,45
000065.SZ,0.1156,6002,1943,5
000066.SZ,0.1153,50562,16,28
000068.SZ,0.1223,5351,2030,4
000069.SZ,0.2364,17662,480,5
000070.SZ,0.1718,18583,757,7
000078.SZ,0.1325,20238,237,5
000088.SZ,nan,0,477,1
000089.SZ,0.1038,20490,372,10
000090.SZ,0.1617,19123,680,8
000096.SZ,0.0927,3453,2230,3
000099.SZ,0.1289,9580,1525,10
000100.SZ,0.1752,45381,14,22
000150.SZ,-0.1332,5436,1774,4
000151.SZ,0.3033,4321,2169,2
000153.SZ,0.0498,19244,464,25
000155.SZ,0.3514,8676,1721,4
000156.SZ,0.1152,8419,1436,4
000157.SZ,0.1861,25493,175,8
000158.SZ,0.1341,24897,131,13
000159.SZ,0.2863,18145,952,8
000166.SZ,0.2917,24543,108,6
000301.SZ,0.1287,3694,2009,5
000333.SZ,0.1131,33314,22,15
000338.SZ,0.1212,28984,157,8
000400.SZ,0.1907,30803,239,9
000401.SZ,0.1030,19194,277,10
000402.SZ,0.1800,5469,2053,3
000403.SZ,0.1554,11504,1388,4
000404.SZ,0.2061,3789,1971,3
000407.SZ,0.0418,4221,2073,2
000411.SZ,0.1602,33415,82,22
000413.SZ,0.0810,17142,173,8
000415.SZ,0.3066,10908,1289,6
000416.SZ,0.3505,5911,1987,3
000417.SZ,0.1628,5750,1850,6
000419.SZ,0.2690,2753,2125,3
000420.SZ,0.1121,5416,1721,2
000421.SZ,0.0063,14111,734,5
000423.SZ,0.1900,15080,1061,5
000425.SZ,0.0925,21247,136,7
000426.SZ,0.1212,15153,697,5
000428.SZ,0.0020,4865,1804,2
000429.SZ,0.0956,3727,2000,2
000430.SZ,0.0165,3417,1920,3
000488.SZ,0.1510,18300,418,4
000498.SZ,0.1475,5848,1796,3
000501.SZ,0.1203,26346,330,7
000502.SZ,0.0873,7277,1847,5
000503.SZ,0.2007,9329,1493,5
000505.SZ,0.1312,14517,829,6
000506.SZ,-0.0249,12800,717,6
000507.SZ,0.0673,5954,1665,5
000510.SZ,0.1455,14914,1019,17
000513.SZ,0.1972,24769,287,4
000514.SZ,-0.0100,3293,1991,7
000516.SZ,0.0587,19476,340,9
000517.SZ,0.3342,3824,2145,2
000518.SZ,-0.0479,24287,104,11
000519.SZ,0.0920,31888,45,21
000520.SZ,0.1878,2575,1786,4
000521.SZ,-0.1045,6885,1405,3
000523.SZ,0.1669,3198,1963,4
000524.SZ,0.1214,24759,1757,1
000525.SZ,-0.0817,11041,1100,7
000526.SZ,0.2285,9473,1600,2
000528.SZ,0.2235,11452,1181,2
000529.SZ,0.3281,6775,2004,4
000530.SZ,0.0735,3272,1929,3
000531.SZ,0.2506,8391,1796,3
000532.SZ,0.1573,7437,1895,4
000533.SZ,0.3540,5388,2107,3
000534.SZ,0.2279,13356,1562,4
000537.SZ,0.2215,12786,1657,4
000538.SZ,0.1884,20186,354,5
000539.SZ,0.2714,1664,1868,2
000540.SZ,0.1866,12723,654,7
000541.SZ,0.0611,6963,1655,2
000543.SZ,0.1941,5753,1964,2
000544.SZ,-0.0226,6758,1931,3
000545.SZ,0.1296,4556,1802,4
000546.SZ,0.0474,7247,1868,3
000547.SZ,0.1136,36875,42,9
000548.SZ,0.3264,1864,1839,2
000550.SZ,0.2004,8614,1706,4
000551.SZ,0.1289,6223,1705,6
000552.SZ,0.3233,2937,1903,3
000553.SZ,0.1520,5464,1963,5
000554.SZ,0.2178,6558,2233,4
000555.SZ,0.0881,13857,742,8
000557.SZ,0.3426,8208,1815,5
000558.SZ,0.0439,9749,1359,5
000559.SZ,0.1741,8576,1520,3
000560.SZ,0.1917,14662,1220,6
000561.SZ,0.0314,12282,913,7
000563.SZ,0.2452,16089,617,3
000564.SZ,0.0627,26487,28,19
000565.SZ,0.4244,3068,2102,4
000566.SZ,0.0657,18852,428,11
000567.SZ,0.0025,10632,1209,10
000568.SZ,0.1892,22612,226,7
000570.SZ,0.0700,4691,2084,2
000573.SZ,0.1932,6199,1858,5
000576.SZ,0.1333,20707,397,8
000581.SZ,0.2723,18810,870,8
000582.SZ,0.2636,6511,1981,3
000584.SZ,0.0594,5121,1982,3
000586.SZ,-0.0149,5385,1848,5
000589.SZ,0.2601,9897,1820,4
000590.SZ,0.2561,2796,2240,4
000591.SZ,0.1540,19947,321,7
000592.SZ,0.1991,27314,77,16
000593.SZ,0.0932,5243,1753,3
000596.SZ,0.2138,8669,1504,3
000597.SZ,nan,0,20971,1
000598.SZ,0.1081,7042,1721,3
000599.SZ,0.1841,5671,1870,4
000600.SZ,0.2554,8093,1670,2
000601.SZ,0.1665,8593,1593,4
000603.SZ,-0.0114,10636,1559,9
000605.SZ,0.1002,3849,2028,12
000606.SZ,0.2735,8511,1763,2
000607.SZ,0.2086,3763,2167,4
000608.SZ,0.0742,2088,1858,2
000609.SZ,0.0352,9727,1559,7
000610.SZ,0.0146,11303,1056,6
000612.SZ,0.1040,26547,117,16
000613.SZ,0.0211,14312,751,11
000615.SZ,0.1874,4575,1876,4
000616.SZ,0.1620,13959,789,6
000617.SZ,-0.1291,4323,2034,3
000619.SZ,0.2089,9109,1652,3
000620.SZ,0.1906,3172,1867,3
000622.SZ,0.2027,4475,1843,4
000623.SZ,0.1137,10138,1334,3
000625.SZ,0.1691,31213,81,11
000626.SZ,-0.0335,3047,1940,3
000627.SZ,0.2541,10991,1350,4
000628.SZ,0.2632,4836,1859,3
000629.SZ,0.2473,9939,1186,6
000630.SZ,0.2496,15903,259,6
000631.SZ,0.2204,1604,1693,3
000632.SZ,0.0090,3434,2224,4
000633.SZ,0.3717,4003,2287,2
000635.SZ,0.2462,3065,1961,3
000636.SZ,0.1283,32565,69,21
000637.SZ,-0.0268,2900,2000,5
000638.SZ,0.2650,2776,1836,2
000639.SZ,0.1235,14801,742,8
000650.SZ,0.1158,15058,635,3
000651.SZ,-0.0265,50499,11,22
000652.SZ,0.0785,14231,529,6
000655.SZ,0.2781,16189,1337,5
000656.SZ,0.2091,26742,272,12
000657.SZ,0.3118,9387,1833,5
000659.SZ,0.2427,2413,1827,3
000661.SZ,0.0720,23900,124,6
000662.SZ,-0.5585,4268,1718,2
000665.SZ,-0.0027,9465,1283,5
000666.SZ,0.2028,6156,1939,6
000667.SZ,0.2688,10345,1293,8
000668.SZ,0.3546,5633,1982,2
000671.SZ,0.1297,12114,1210,6
000672.SZ,-0.0282,19923,345,12
000676.SZ,0.0372,9511,1170,8
000677.SZ,0.3004,4330,1902,5
000678.SZ,-0.0728,5870,1825,3
000680.SZ,0.2853,8872,1614,3
000681.SZ,0.2256,13305,1038,6
000682.SZ,0.2374,12339,1281,2
000683.SZ,0.1128,27417,180,17
000685.SZ,0.1459,5213,2045,2
000686.SZ,0.2032,18820,457,6
000687.SZ,-0.0209,6537,1480,3
000688.SZ,0.3146,5130,1897,2
000690.SZ,0.3767,14987,1250,6
000691.SZ,0.0890,5085,1874,3
000692.SZ,0.3303,2175,1879,3
000695.SZ,0.1335,2909,2057,3
000697.SZ,0.0170,19682,564,16
000698.SZ,0.1347,25471,183,13
000700.SZ,0.0678,13830,771,14
000701.SZ,0.1373,12733,2790,6
000702.SZ,0.2466,7564,2150,5
000703.SZ,0.2882,14138,923,4
000705.SZ,-0.0088,3527,2119,1
000708.SZ,0.2530,9150,1578,3
000709.SZ,0.2034,9336,1255,3
000710.SZ,0.1960,14771,992,4
000711.SZ,0.0510,3842,1865,4
000712.SZ,0.2495,16604,1038,5
000713.SZ,0.1735,30545,134,13
000715.SZ,-0.0944,2382,1763,4
000716.SZ,0.1244,9902,1492,5
000717.SZ,0.3119,12433,1165,9
000718.SZ,0.3161,7504,1972,4
000719.SZ,0.2232,2830,2018,1
000720.SZ,-0.1113,3078,2003,5
000721.SZ,-0.0414,13353,594,6
000722.SZ,0.2395,3972,2011,5
000723.SZ,0.0444,19328,310,6
000725.SZ,0.0936,58916,15,20
000726.SZ,-0.0738,2853,1934,4
000728.SZ,0.2195,17274,582,4
000729.SZ,0.2941,10359,1501,2
000731.SZ,0.0171,9489,1240,9
000732.SZ,0.2165,10237,1323,6
000733.SZ,-0.0047,13685,1457,6
000735.SZ,0.1202,35233,75,18
000736.SZ,0.2710,7542,1883,3
000738.SZ,0.1749,32449,125,7
000739.SZ,0.3211,16150,817,8
000750.SZ,0.1489,23056,146,11
000751.SZ,0.0734,6197,1623,6
000753.SZ,-0.0648,3613,1887,5
000755.SZ,nan,0,477,1
000756.SZ,0.1617,12599,1434,7
000757.SZ,0.0403,8660,1299,4
000758.SZ,0.1851,17767,428,5
000759.SZ,-0.1077,4372,2047,3
000761.SZ,0.2639,3109,1855,3
000762.SZ,0.1401,17410,687,9
000766.SZ,0.0565,6206,1849,3
000767.SZ,0.1279,3068,1906,3
000768.SZ,0.1340,27682,136,6
000776.SZ,0.1481,21004,166,8
000777.SZ,0.0811,22443,466,11
000778.SZ,0.3100,9738,1266,5
000779.SZ,0.1449,2973,2125,2
000782.SZ,-0.0790,1428,1650,3
000783.SZ,0.1531,18782,297,5
000785.SZ,0.0411,11554,1854,5
000786.SZ,0.1412,21665,312,6
000788.SZ,0.0785,10195,1508,3
000789.SZ,0.0980,27308,131,17
000790.SZ,0.1471,8272,1536,7
000791.SZ,0.0192,4941,1682,4
000793.SZ,0.2236,9739,987,6
000795.SZ,0.1668,19710,246,6
000796.SZ,0.0641,21672,416,12
000797.SZ,0.4246,3943,2039,2
000798.SZ,0.0035,12902,954,10
000799.SZ,0.1579,48518,18,15
000800.SZ,0.2393,19092,508,8
000801.SZ,0.1000,9005,1702,3
000802.SZ,0.1414,16023,586,9
000807.SZ,0.2324,32551,144,10
000809.SZ,0.0581,1426,1773,1
000810.SZ,0.1435,11651,1207,5
000811.SZ,0.3040,6601,2199,4
000812.SZ,0.3940,7439,1811,3
000813.SZ,0.0873,5910,1868,4
000815.SZ,0.0869,14174,1523,3
000818.SZ,0.1439,32499,132,11
000819.SZ,0.1886,3958,2074,3
000821.SZ,-0.0578,10437,1034,11
000822.SZ,0.0035,8487,1386,5
000823.SZ,0.1849,13417,1194,8
000825.SZ,0.2500,9871,1150,9
000826.SZ,0.1771,8058,1676,6
000828.SZ,-0.0261,18539,493,5
000829.SZ,0.1127,12419,962,6
000830.SZ,0.2449,21765,542,5
000831.SZ,0.1106,28689,149,14
000833.SZ,0.0147,3055,1905,6
000835.SZ,-0.0638,1238,1621,3
000836.SZ,0.1193,7651,1374,4
000838.SZ,0.0955,2597,1939,4
000839.SZ,0.2282,9790,1059,4
000848.SZ,0.2710,11610,1214,6
000850.SZ,0.1438,6568,1890,4
000851.SZ,0.0570,12248,827,8
000852.SZ,0.1760,2758,2029,5
000856.SZ,-0.0607,11916,1017,8
000858.SZ,0.0525,44368,18,16
000859.SZ,0.1206,14787,1059,14
000860.SZ,0.1155,23165,306,11
000861.SZ,0.0430,8452,1364,11
000862.SZ,0.2335,6819,1680,4
000863.SZ,0.1061,6305,1912,4
000869.SZ,0.1693,7028,1802,3
000875.SZ,0.2182,19033,539,6
000876.SZ,0.1302,29252,110,8
000877.SZ,0.1182,12390,37844,1
000878.SZ,0.2573,26189,225,9
000880.SZ,-0.0905,3718,1947,3
000881.SZ,0.1851,10497,1593,6
000882.SZ,-0.1522,6712,1775,4
000883.SZ,0.1295,5200,1831,3
000885.SZ,nan,0,473,1
000886.SZ,-0.0048,463,19486,1
000887.SZ,0.2544,28249,540,6
000888.SZ,-0.0772,3850,1988,4
000889.SZ,0.1086,9053,1489,5
000892.SZ,0.1745,4728,1934,4
000893.SZ,0.0688,10038,1823,3
000895.SZ,0.1043,48461,27,11
000897.SZ,-0.0072,4438,1963,1
000898.SZ,0.3406,8899,1473,4
000899.SZ,-0.0687,1298,1513,4
000900.SZ,0.1042,2810,2015,3
000901.SZ,0.1335,17722,532,8
000902.SZ,0.2469,13665,1859,5
000903.SZ,0.0780,43567,67,10
000905.SZ,0.0667,4322,1912,4
000906.SZ,0.2756,5304,2109,2
000908.SZ,0.1549,23531,176,9
000909.SZ,0.1287,5345,2105,2
000910.SZ,0.2696,16522,1090,4
000912.SZ,0.2136,12565,1056,10
000913.SZ,0.1798,9649,1855,4
000915.SZ,0.2123,9404,1834,5
000917.SZ,0.1814,12478,1148,6
000918.SZ,0.3621,3351,2145,3
000919.SZ,0.1848,3415,2008,4
000920.SZ,0.1788,4290,2248,2
000921.SZ,0.1854,18201,956,6
000922.SZ,0.1407,3153,2011,3
000923.SZ,0.2162,6192,2061,2
000925.SZ,0.1989,4616,2121,5
000926.SZ,0.0892,3138,1981,2
000928.SZ,0.2260,8581,1606,5
000929.SZ,-0.1372,2732,1970,1
000930.SZ,0.1544,30070,151,17
000931.SZ,0.1323,7230,1746,5
000932.SZ,0.1651,14290,1016,5
000933.SZ,0.2044,15841,797,4
000935.SZ,0.1393,8242,1689,6
000936.SZ,0.1649,15478,584,8
000937.SZ,0.1155,6196,1961,3
000938.SZ,0.0472,25634,83,10
000948.SZ,0.2204,8131,1799,7
000949.SZ,0.2196,5565,1706,5
000950.SZ,0.1025,8666,1350,4
000951.SZ,-0.0014,14896,1155,4
000952.SZ,0.0622,3860,2011,3
000955.SZ,0.2403,12723,1125,8
000957.SZ,0.3013,8784,1956,4
000958.SZ,0.2611,7746,2044,3
000959.SZ,0.2668,10465,1510,3
000960.SZ,0.1050,11138,1371,4
000961.SZ,0.1766,22369,397,13
000962.SZ,0.2768,6271,2135,3
000963.SZ,0.1396,25415,196,12
000965.SZ,0.4063,5613,2167,4
000966.SZ,-0.1120,3785,1962,5
000967.SZ,0.3470,12246,1406,5
000968.SZ,0.0452,7770,1726,5
000969.SZ,0.1723,10684,1639,2
000970.SZ,0.1104,13519,796,5
000973.SZ,0.2084,24732,2815,1
000975.SZ,0.1787,32009,142,17
000976.SZ,0.2828,15006,1329,5
000977.SZ,0.1371,47231,16,20
000978.SZ,0.0478,3226,1910,4
000980.SZ,0.0088,4501,1709,5
000983.SZ,0.1297,8613,1373,3
000985.SZ,0.2647,2611,1572,1
000987.SZ,0.0907,29206,47,14
000988.SZ,0.1481,15132,620,8
000989.SZ,0.2843,8852,1818,3
000990.SZ,0.2242,14614,1452,5
000993.SZ,0.0494,7505,9050,5
000996.SZ,0.1169,12024,1550,7
000997.SZ,0.1495,14294,664,7
000998.SZ,0.1171,65542,20,41
000999.SZ,0.1725,11423,1290,5
001696.SZ,0.2124,21669,381,11
001872.SZ,0.1646,8803,1794,3
001896.SZ,-0.0445,4638,2276,3
001914.SZ,0.2167,13743,1337,4
001965.SZ,0.1729,2441,1964,2
001979.SZ,0.1231,13743,993,5
002001.SZ,0.1397,30054,108,8
002002.SZ,0.3344,16730,595,4
002003.SZ,0.0912,3440,1977,3
002004.SZ,0.2914,10590,1355,4
002006.SZ,0.2662,4770,2208,3
002007.SZ,0.1002,57637,30,30
002008.SZ,0.1051,25085,136,9
002009.SZ,0.1061,13539,6783,1
002010.SZ,0.3210,6765,1895,5
002011.SZ,0.2065,4917,1852,5
002012.SZ,0.1175,8990,1387,5
002013.SZ,0.1779,25933,151,9
002014.SZ,0.2750,10419,1757,5
002015.SZ,0.2558,11705,1755,5
002016.SZ,0.2067,6317,2163,4
002017.SZ,0.0893,13519,706,11
002019.SZ,0.1341,24312,298,10
002020.SZ,0.2804,18610,796,4
002022.SZ,0.1141,16991,559,5
002023.SZ,0.1351,19878,379,5
002024.SZ,0.2411,23101,121,9
002025.SZ,0.1864,19333,614,7
002026.SZ,0.0701,15275,1197,6
002027.SZ,0.2515,30775,126,9
002028.SZ,0.1495,30466,211,9
002029.SZ,0.0633,1964,1807,1
002030.SZ,0.1080,73877,22,50
002031.SZ,0.2335,7552,1568,8
002032.SZ,0.3244,8715,1642,4
002033.SZ,0.0306,8118,1797,4
002034.SZ,0.2609,7778,1630,3
002035.SZ,0.2340,20314,879,4
002036.SZ,0.1536,14620,587,6
002037.SZ,0.2003,4560,2458,1
002038.SZ,0.0796,12596,1054,6
002039.SZ,0.2943,2219,2059,4
002040.SZ,-0.0662,6055,1800,8
002041.SZ,0.0889,43939,27,41
002042.SZ,0.2865,4056,2117,3
002043.SZ,0.1210,18950,580,7
002044.SZ,0.1821,20815,610,6
002045.SZ,0.1833,6759,1765,3
002046.SZ,0.0850,21433,515,12
002047.SZ,0.1737,4838,2011,3
002048.SZ,0.0666,20430,345,11
002049.SZ,0.0878,60287,11,45
002050.SZ,0.1428,28714,123,7
002051.SZ,0.2492,4058,2065,12
002053.SZ,0.0265,2306,2087,3
002054.SZ,0.1453,7462,2175,5
002055.SZ,0.1785,10784,1467,6
002056.SZ,0.1537,17214,438,5
002057.SZ,0.1723,16969,578,7
002058.SZ,0.1001,1069,1434,3
002059.SZ,0.0177,4494,1988,3
002060.SZ,0.0107,4090,1902,4
002061.SZ,0.1614,13138,1437,8
002062.SZ,0.1382,14423,917,8
002063.SZ,0.0643,12609,764,7
002064.SZ,0.2392,18460,827,9
002065.SZ,0.0112,22149,155,14
002066.SZ,0.3054,3721,2133,2
002067.SZ,0.1577,5091,1803,2
002068.SZ,0.0986,16219,1228,7
002069.SZ,0.0291,19639,281,8
002071.SZ,-0.0949,2980,1889,7
002073.SZ,0.1733,5182,2225,3
002074.SZ,0.1766,44917,25,43
002075.SZ,0.2216,18728,617,7
002078.SZ,0.2394,21278,608,4
002079.SZ,0.2373,16291,543,5
002080.SZ,0.1849,30676,357,6
002081.SZ,0.1100,41102,50,21
002082.SZ,0.0908,19595,379,21
002083.SZ,0.1538,8558,1471,4
002084.SZ,0.1914,14860,1162,4
002085.SZ,0.2197,12018,1079,6
002087.SZ,0.0707,6770,1528,7
002088.SZ,0.1265,2425,2024,3
002090.SZ,0.0569,3775,2079,4
002091.SZ,0.3599,9033,1885,3
002092.SZ,0.0844,13060,965,5
002093.SZ,0.1015,12138,1218,4
002094.SZ,0.1575,12602,1190,9
002095.SZ,0.1190,5141,1968,4
002096.SZ,0.0258,6335,1888,5
002097.SZ,0.2528,17539,917,5
002098.SZ,0.1701,2692,2023,2
002099.SZ,0.1431,11352,1292,5
002100.SZ,0.1756,23787,196,5
002101.SZ,0.0748,5488,1825,4
002103.SZ,0.0103,10354,1376,10
002104.SZ,0.0723,12091,977,9
002105.SZ,0.2016,17685,1079,7
002106.SZ,0.1800,27261,278,14
002107.SZ,0.2037,12817,1032,5
002108.SZ,-0.9002,415,18656,1
002109.SZ,-0.0022,12760,1114,5
002110.SZ,0.0763,9821,1346,4
002111.SZ,0.2466,17735,782,8
002112.SZ,0.2009,5220,2091,3
002114.SZ,0.3851,3193,2086,2
002115.SZ,0.0968,8546,1430,4
002116.SZ,0.2322,2909,1872,2
002117.SZ,0.2549,10073,1631,5
002118.SZ,0.3009,9230,1295,3
002119.SZ,0.0473,10793,1077,6
002120.SZ,0.0839,17449,465,6
002123.SZ,0.3018,16167,1037,10
002124.SZ,0.1796,27487,282,12
002125.SZ,0.0642,8284,1447,7
002126.SZ,0.2426,21669,695,13
002127.SZ,0.1225,32807,289,5
002128.SZ,0.1759,15801,836,7
002129.SZ,0.1095,29493,61,8
002130.SZ,0.1054,13745,614,4
002131.SZ,0.1789,23487,48,16
002132.SZ,0.3353,4396,1949,4
002133.SZ,0.1869,2082,1763,1
002134.SZ,0.1299,6614,1873,3
002135.SZ,0.2733,16093,911,4
002136.SZ,0.1038,8205,1659,6
002137.SZ,0.1162,12465,827,11
002138.SZ,0.1174,29357,270,11
002139.SZ,0.2170,18459,535,6
002140.SZ,0.0137,7149,1928,6
002141.SZ,0.1509,5870,1634,8
002142.SZ,0.1237,35321,116,7
002144.SZ,0.1267,4741,1729,8
002145.SZ,0.2001,25820,344,13
002146.SZ,0.2834,13970,880,7
002148.SZ,0.3187,6579,1985,2
002149.SZ,0.1604,7325,2002,4
002150.SZ,0.1744,3989,2064,3
002151.SZ,-0.0058,90305,22,18
002152.SZ,0.0759,23552,132,10
002153.SZ,0.2153,14954,862,5
002154.SZ,0.1186,7019,1707,3
002155.SZ,0.1531,17668,589,5
002156.SZ,0.1738,28822,100,18
002157.SZ,0.0877,41096,41,12
002158.SZ,0.0555,9416,1436,6
002159.SZ,0.0035,3055,1923,1
002160.SZ,0.1571,11939,923,8
002161.SZ,0.0868,8363,1465,5
002162.SZ,0.1855,4471,1869,3
002163.SZ,0.1339,36579,3697,1
002164.SZ,0.1199,9210,1437,6
002165.SZ,-0.0164,24534,866,22
002166.SZ,0.1546,26360,16972,1
002167.SZ,0.0349,10424,1157,6
002168.SZ,-0.0010,6459,1642,4
002169.SZ,0.1111,10138,1113,5
002170.SZ,0.1034,15939,983,7
002171.SZ,0.2981,15712,832,8
002172.SZ,0.0870,5159,1705,5
002173.SZ,0.2396,7718,2256,6
002174.SZ,0.1735,22859,324,6
002177.SZ,0.1355,12221,850,4
002178.SZ,0.1704,7542,1864,4
002179.SZ,0.1806,17337,792,7
002180.SZ,0.1655,22354,416,4
002181.SZ,0.0782,3803,2068,4
002182.SZ,0.2120,34146,341,7
002183.SZ,0.2102,12155,1072,4
002184.SZ,0.1202,9461,1533,6
002185.SZ,0.0994,71981,18,28
002186.SZ,-0.1513,5429,1931,2
002187.SZ,0.1231,13586,1215,6
002189.SZ,0.2043,16928,1091,5
002190.SZ,-0.0050,19343,693,5
002191.SZ,0.1772,18568,701,4
002193.SZ,-0.2279,2086,1878,3
002194.SZ,0.0701,13225,831,3
002195.SZ,0.1023,17250,157,6
002196.SZ,0.0930,2732,1898,2
002197.SZ,0.0535,10154,1193,8
002198.SZ,0.0980,4704,1894,5
002199.SZ,0.0608,4990,1784,8
002201.SZ,0.0959,22288,268,11
002202.SZ,-0.0807,27431,136,11
002203.SZ,0.1892,6084,1756,4
002204.SZ,0.1633,20134,237,7
002205.SZ,-0.0038,4012,1919,4
002206.SZ,0.0839,14052,762,7
002207.SZ,0.1782,2016,1670,2
002208.SZ,-0.0531,14840,668,7
002209.SZ,-0.0027,12137,1101,5
002211.SZ,0.0795,6102,1845,3
002212.SZ,0.2161,16737,995,6
002213.SZ,0.0218,2896,1902,1
002214.SZ,0.2717,22887,501,6
002215.SZ,0.2272,10338,1655,4
002216.SZ,0.1647,30293,248,7
002217.SZ,0.0854,14551,478,17
002218.SZ,-0.0611,9983,1236,2
002221.SZ,0.2001,10507,1670,4
002222.SZ,0.1773,25031,306,17
002223.SZ,0.1721,30218,168,13
002224.SZ,0.1907,7897,1593,7
002225.SZ,0.1039,4808,1994,5
002226.SZ,-0.0020,20739,1097,37
002227.SZ,-0.0321,2238,1890,1
002228.SZ,0.1062,6451,1869,2
002229.SZ,0.1072,3263,1906,4
002230.SZ,0.0896,28750,83,15
002231.SZ,0.0820,8878,1567,3
002232.SZ,0.1207,19400,3603,1
002233.SZ,0.2233,33744,149,4
002234.SZ,0.0667,9682,1254,4
002235.SZ,0.1208,13327,1145,8
002236.SZ,0.1704,44256,59,9
002237.SZ,0.1265,23385,386,7
002238.SZ,0.1562,5669,1766,4
002239.SZ,0.1224,46434,11,24
002240.SZ,0.1258,12518,1427,6
002241.SZ,0.1290,112683,12,72
002242.SZ,0.2071,13891,1071,4
002243.SZ,0.1112,10520,1731,3
002244.SZ,0.3151,11671,1511,3
002245.SZ,0.1591,6901,1634,8
002246.SZ,0.0431,9213,1567,3
002248.SZ,-0.0005,4522,1886,4
002249.SZ,0.2780,13279,1000,3
002250.SZ,0.1849,10829,1642,3
002251.SZ,0.2513,7097,2162,6
002252.SZ,0.3852,24978,167,9
002253.SZ,0.2069,4985,1974,2
002254.SZ,0.2694,12193,1587,3
002258.SZ,0.2645,18762,1020,4
002261.SZ,0.0927,15242,534,12
002262.SZ,0.0943,25168,403,7
002263.SZ,-0.0310,8105,1227,3
002264.SZ,0.1583,7220,2122,6
002265.SZ,0.1276,9713,1681,5
002266.SZ,0.2349,10662,1495,7
002267.SZ,0.1083,3817,2046,3
002268.SZ,0.2310,14276,1053,8
002269.SZ,0.0370,5440,1789,3
002270.SZ,0.0981,36086,2717,13
002271.SZ,0.1447,32132,93,12
002272.SZ,0.2296,4957,2069,3
002273.SZ,0.1012,21942,186,12
002274.SZ,0.0743,8223,1675,6
002275.SZ,0.2381,3557,2136,4
002276.SZ,0.0816,8333,1428,5
002277.SZ,0.1885,9203,1305,7
002278.SZ,0.1011,5882,2188,2
002279.SZ,0.1008,9476,1190,5
002280.SZ,0.0013,8946,1041,7
002281.SZ,0.1163,11309,1223,6
002282.SZ,0.1305,3799,2060,4
002283.SZ,0.0092,10037,1123,3
002284.SZ,0.0449,13969,1085,5
002285.SZ,0.1893,18346,479,5
002286.SZ,0.0953,40319,772,42
002287.SZ,-0.0040,17892,713,8
002288.SZ,0.1058,28754,295,11
002291.SZ,0.0087,15046,567,13
002292.SZ,0.2122,18021,770,7
002293.SZ,0.1212,3261,2036,2
002294.SZ,0.2979,16668,896,3
002295.SZ,-0.2998,1682,1609,2
002296.SZ,0.1510,10314,1248,7
002297.SZ,0.1286,19385,519,7
002298.SZ,0.0899,17570,748,9
002299.SZ,0.0892,19388,532,5
002300.SZ,0.0841,5021,1836,3
002301.SZ,0.3844,14823,1292,4
002302.SZ,0.0619,12240,886,7
002303.SZ,0.2953,12225,1787,5
002304.SZ,0.1782,18331,459,5
002305.SZ,0.0719,5974,1596,5
002307.SZ,0.1690,10454,1114,7
002308.SZ,0.0301,12174,1072,5
002309.SZ,0.1004,4973,1933,3
002310.SZ,0.0656,8723,1357,6
002311.SZ,0.1850,22099,668,4
002312.SZ,0.2453,16710,847,5
002313.SZ,0.1998,3862,2031,3
002314.SZ,0.2613,18681,960,6
002315.SZ,0.2896,10959,1660,2
002316.SZ,0.0235,4432,1908,4
002317.SZ,0.1465,17500,1039,3
002318.SZ,0.2770,10367,1644,5
002320.SZ,0.0570,14779,853,7
002321.SZ,0.0936,19320,472,9
002322.SZ,0.3175,9249,1858,5
002324.SZ,0.1505,15131,904,5
002325.SZ,0.2647,11401,1238,9
002326.SZ,0.2447,14541,902,6
002327.SZ,0.1375,5453,2010,3
002328.SZ,0.0208,8895,1334,5
002329.SZ,-0.0268,6041,1813,4
002330.SZ,-0.0554,10154,1188,5
002331.SZ,0.0503,4370,2031,4
002332.SZ,0.2407,14197,952,6
002334.SZ,0.1725,8979,1549,4
002335.SZ,0.1605,14800,1005,9
002337.SZ,-0.3724,2156,1871,3
002338.SZ,0.1135,16348,684,5
002339.SZ,0.0991,12458,1189,10
002340.SZ,0.2843,28827,73,19
002341.SZ,0.0583,10682,1083,7
002342.SZ,-0.0349,4722,1781,4
002343.SZ,0.0327,9297,1527,10
002344.SZ,0.2701,5493,2231,3
002345.SZ,0.0772,3916,1945,1
002346.SZ,0.0889,14376,990,6
002347.SZ,0.0870,4550,2033,4
002348.SZ,-0.1842,2056,1852,1
002349.SZ,0.0305,6140,1903,4
002350.SZ,0.2107,5665,2107,2
002351.SZ,0.0338,22793,157,11
002352.SZ,0.1887,35477,120,3
002353.SZ,0.1382,36557,199,5
002355.SZ,0.2324,10581,1775,5
002357.SZ,-0.0226,8071,1468,10
002358.SZ,0.2499,9729,1626,5
002360.SZ,0.0352,8172,2006,7
002361.SZ,-0.0192,13712,656,8
002362.SZ,-0.0066,5408,2017,1
002363.SZ,-0.0707,12459,905,8
002364.SZ,0.1865,13166,1163,6
002365.SZ,0.2777,7398,1968,3
002366.SZ,0.0005,8348,1403,5
002367.SZ,0.2118,19464,822,5
002368.SZ,0.0652,13769,937,6
002369.SZ,0.2635,8170,1558,3
002370.SZ,-0.0372,7842,1380,6
002371.SZ,0.1078,26686,107,20
002372.SZ,0.2772,19570,737,6
002373.SZ,0.1463,18520,380,6
002374.SZ,-0.0680,2084,1834,2
002375.SZ,0.1950,21458,1049,3
002376.SZ,0.2469,8158,1876,7
002377.SZ,0.1869,5886,1823,4
002378.SZ,0.0025,7373,1549,4
002379.SZ,0.1213,12357,1210,7
002380.SZ,0.2863,8290,1767,7
002381.SZ,0.1785,10662,1529,4
002382.SZ,0.2249,31940,186,8
002383.SZ,0.1479,15188,801,6
002384.SZ,0.0723,31565,107,16
002385.SZ,0.1141,58406,31,17
002386.SZ,0.0780,18631,1679,17
002387.SZ,0.0535,16912,772,6
002388.SZ,0.1099,4505,1987,4
002389.SZ,0.1209,33403,116,9
002390.SZ,0.1976,9771,1319,4
002391.SZ,0.0043,7834,1727,4
002392.SZ,0.3466,9538,1650,4
002393.SZ,0.3192,3746,2069,1
002394.SZ,0.1402,3495,2149,2
002395.SZ,0.1443,1786,1851,6
002396.SZ,0.0979,12478,1165,9
002397.SZ,0.0492,7915,1623,6
002398.SZ,0.3773,15499,1032,6
002399.SZ,0.1063,13628,1068,6
002400.SZ,0.1073,59636,73,30
002401.SZ,0.2602,11582,1561,4
002402.SZ,0.1644,34803,132,10
002403.SZ,0.1997,1868,1852,3
002404.SZ,0.1263,6648,1975,5
002405.SZ,0.0770,26970,60,14
002406.SZ,0.2046,15197,1314,7
002407.SZ,0.1291,13214,1125,6
002408.SZ,0.3029,9513,1709,5
002409.SZ,0.1526,23336,295,15
002410.SZ,0.1634,28758,206,7
002411.SZ,-0.0399,11984,861,6
002412.SZ,-0.0824,5768,1901,5
002413.SZ,0.1091,35401,70,23
002414.SZ,0.1632,33593,78,12
002415.SZ,0.1226,62545,26,17
002416.SZ,0.2019,34516,297,8
002417.SZ,0.1106,50127,6273,1
002419.SZ,0.2260,15728,862,8
002421.SZ,0.2973,10694,989,3
002422.SZ,0.2689,18428,626,7
002423.SZ,0.2968,6762,2074,4
002424.SZ,0.2397,9997,1428,4
002425.SZ,0.1168,36222,39,17
002428.SZ,-0.0012,23573,218,10
002429.SZ,0.2423,27147,130,14
002430.SZ,0.2887,15211,1396,2
002431.SZ,0.1742,8724,1566,4
002432.SZ,0.1703,15903,970,6
002433.SZ,0.3429,6327,1934,2
002434.SZ,0.2554,10607,1550,1
002435.SZ,-0.0508,7206,1607,9
002436.SZ,0.1096,20342,233,6
002437.SZ,0.1124,14281,476,5
002438.SZ,0.1500,15234,1404,4
002439.SZ,0.1867,25124,130,7
002440.SZ,0.1158,9194,1332,6
002441.SZ,-0.0071,5684,2104,3
002442.SZ,0.0609,16099,6791,1
002443.SZ,0.2136,8201,1683,6
002444.SZ,0.3128,28451,416,6
002446.SZ,0.1158,18242,298,8
002448.SZ,0.0984,14161,8374,1
002449.SZ,0.1682,22338,475,12
002451.SZ,-0.0231,3789,1931,5
002452.SZ,0.1604,6383,1933,3
002453.SZ,0.1015,11998,1024,5
002454.SZ,0.1824,2963,2030,4
002455.SZ,-0.0725,3246,2033,2
002456.SZ,0.1197,61165,28,43
002457.SZ,0.1281,14205,821,8
002458.SZ,0.0598,22062,292,20
002459.SZ,0.2263,17297,874,4
002460.SZ,0.1542,41168,119,27
002461.SZ,0.0275,11290,1192,5
002462.SZ,0.1559,5845,1899,3
002463.SZ,0.0292,21705,102,13
002464.SZ,-0.0581,10048,1122,5
002465.SZ,0.1283,25329,126,10
002466.SZ,0.0997,57174,8282,1
002467.SZ,0.1006,18879,284,7
002468.SZ,-0.7842,8356,1442,4
002469.SZ,0.1556,12374,1344,4
002470.SZ,0.2947,4965,1691,4
002471.SZ,0.0967,13076,741,7
002472.SZ,0.0423,11327,1250,6
002473.SZ,-0.1742,1308,1625,1
002474.SZ,0.1287,7511,1561,7
002475.SZ,0.0970,92502,51,34
002476.SZ,0.0146,5474,1885,7
002478.SZ,0.0743,3599,2138,5
002479.SZ,-0.0767,4345,1942,5
002480.SZ,0.1738,8389,1638,5
002481.SZ,0.0926,17769,429,8
002482.SZ,0.2080,8877,1916,6
002483.SZ,0.1217,7748,1710,5
002484.SZ,0.3331,21922,930,4
002485.SZ,0.1080,4559,2100,3
002486.SZ,-0.0218,6872,1521,5
002487.SZ,0.1993,6580,1816,3
002488.SZ,0.2192,8165,1861,8
002489.SZ,0.2474,14757,697,5
002490.SZ,0.2498,3419,2071,3
002491.SZ,0.1375,5190,1797,5
002492.SZ,0.0770,6157,2108,6
002493.SZ,0.2246,29188,214,5
002494.SZ,0.1523,3656,1958,3
002495.SZ,0.2594,5425,1785,4
002497.SZ,0.1451,26345,556,16
002498.SZ,-0.0065,16741,269,6
002500.SZ,0.1242,16707,487,5
002503.SZ,-0.2551,16702,312,9
002504.SZ,0.0665,3802,1889,6
002505.SZ,0.1608,23538,95,15
002506.SZ,0.0612,99739,18775,1
002507.SZ,0.1270,19381,719,7
002508.SZ,0.1381,20908,469,8
002510.SZ,0.0430,15181,1093,9
002511.SZ,0.1935,27733,178,9
002512.SZ,0.1993,8801,1632,3
002514.SZ,0.0775,11526,3643,6
002515.SZ,0.1587,21071,367,6
002516.SZ,0.3240,7340,1975,3
002517.SZ,0.1156,27404,223,7
002518.SZ,0.2021,10026,1896,3
002519.SZ,0.1484,19822,405,8
002520.SZ,0.0544,6519,1809,5
002521.SZ,0.3211,5280,1955,5
002522.SZ,0.2308,8477,1809,4
002523.SZ,0.1033,2626,1866,3
002524.SZ,0.1946,23227,671,6
002526.SZ,0.2026,10913,912,6
002527.SZ,0.2509,3177,2118,2
002528.SZ,0.2053,6032,2199,2
002530.SZ,0.0724,11007,1031,5
002531.SZ,0.3218,18306,923,5
002532.SZ,0.3058,9324,1752,2
002533.SZ,0.2575,5280,1954,6
002534.SZ,0.0969,3661,2021,2
002536.SZ,0.1287,13418,5886,1
002537.SZ,0.1204,11665,1018,9
002538.SZ,0.3437,10630,1755,7
002539.SZ,0.3119,9005,1614,4
002540.SZ,0.0489,8546,1493,7
002541.SZ,0.1572,28031,315,8
002542.SZ,-0.0978,4229,1917,2
002543.SZ,0.1111,8700,1569,3
002544.SZ,0.2195,10977,1442,7
002545.SZ,0.0844,7640,1569,4
002546.SZ,0.1689,5382,2056,5
002547.SZ,-0.2397,11705,706,6
002548.SZ,0.0825,17426,449,7
002549.SZ,0.2715,4200,2208,4
002550.SZ,0.1150,14652,668,8
002551.SZ,0.0769,12055,815,7
002552.SZ,0.0983,13935,871,8
002553.SZ,0.2055,3414,1998,1
002554.SZ,0.0197,2873,1890,4
002555.SZ,0.2200,36081,54,6
002556.SZ,0.1959,17085,1074,5
002557.SZ,0.2045,29137,208,6
002558.SZ,0.1741,12909,1379,3
002559.SZ,0.0276,3628,2223,4
002560.SZ,0.0894,21454,473,6
002561.SZ,0.2327,3101,2141,7
002562.SZ,0.0851,14282,649,4
002563.SZ,0.1336,15416,1039,7
002564.SZ,0.1347,14673,834,9
002565.SZ,0.0677,15167,806,3
002566.SZ,0.2785,5096,2016,4
002567.SZ,0.1267,18840,419,6
002568.SZ,0.2141,22843,472,6
002570.SZ,0.2572,19473,1132,8
002571.SZ,0.0752,20758,1769,11
002572.SZ,0.1642,19237,589,6
002573.SZ,0.2355,3382,1990,3
002574.SZ,0.0445,3343,2127,3
002576.SZ,0.1997,4693,2202,3
002577.SZ,0.1535,8995,1739,4
002578.SZ,-0.0903,4324,1938,5
002579.SZ,0.1545,10194,1474,7
002580.SZ,nan,0,473,1
002581.SZ,0.1079,27853,89,13
002582.SZ,0.1109,13194,938,11
002583.SZ,0.2433,17139,533,9
002584.SZ,0.0991,11713,1051,6
002585.SZ,0.2394,37688,307,6
002587.SZ,0.0732,8239,1527,5
002588.SZ,0.1854,29321,383,7
002589.SZ,0.1694,12637,942,4
002590.SZ,0.1261,4966,1944,11
002591.SZ,0.1967,3293,2108,3
002592.SZ,-0.2628,1789,1720,3
002593.SZ,0.1772,5309,1878,3
002594.SZ,0.1286,34805,61,12
002595.SZ,0.2788,7300,1810,3
002596.SZ,0.0530,12765,933,7
002597.SZ,0.0984,10758,1499,4
002598.SZ,0.0814,1592,1728,1
002599.SZ,0.2739,3741,2023,2
002600.SZ,0.0730,50585,29,43
002601.SZ,0.1592,25528,256,8
002602.SZ,0.2023,35430,65,17
002603.SZ,0.1073,24612,140,9
002605.SZ,0.2307,17784,830,7
002606.SZ,0.2394,11001,1473,4
002607.SZ,0.1235,26441,129,5
002608.SZ,0.2218,2591,1931,2
002609.SZ,0.2400,6362,1919,4
002610.SZ,-0.0005,23962,41,7
002611.SZ,0.2499,10133,1475,2
002612.SZ,0.1838,4747,2270,7
002613.SZ,0.1556,15823,611,12
002614.SZ,0.1895,19165,890,3
002615.SZ,0.0455,14954,3188,8
002616.SZ,0.2476,6771,1961,3
002617.SZ,0.1721,17550,738,9
002618.SZ,0.2228,7472,1809,5
002619.SZ,0.0918,17906,582,5
002620.SZ,0.0785,18036,788,13
002621.SZ,0.0227,8270,1857,5
002622.SZ,0.1131,17183,2070,7
002623.SZ,0.1937,15294,961,4
002624.SZ,0.1469,25537,210,10
002625.SZ,-0.0189,69306,149,26
002626.SZ,0.1302,34879,76,17
002627.SZ,0.1139,5361,1934,6
002628.SZ,-0.4202,5109,1843,6
002630.SZ,0.1516,12918,1072,6
002631.SZ,0.1612,5923,1889,4
002632.SZ,0.1800,3428,1910,6
002633.SZ,0.3479,1903,1624,3
002634.SZ,0.2580,11314,1734,4
002635.SZ,0.2009,18178,567,9
002636.SZ,-0.0088,7188,1552,5
002637.SZ,0.2379,12721,1705,5
002638.SZ,-0.1283,1858,1836,2
002639.SZ,0.0664,8130,1510,5
002640.SZ,0.1800,18218,407,8
002641.SZ,0.2806,12398,1215,3
002642.SZ,0.1544,7879,1890,4
002643.SZ,0.2391,13506,1161,10
002644.SZ,0.0437,6451,1948,5
002645.SZ,0.0133,13572,764,6
002646.SZ,0.1562,3798,2112,2
002647.SZ,0.1804,6622,1875,3
002648.SZ,0.2712,17492,942,3
002649.SZ,0.1440,23526,548,9
002650.SZ,0.0901,9736,1176,20
002651.SZ,0.0168,22957,257,15
002652.SZ,0.0272,1914,1780,2
002653.SZ,0.2498,9396,1788,5
002654.SZ,0.1847,4915,1926,3
002655.SZ,0.0029,16538,344,5
002657.SZ,0.1204,7635,1706,6
002658.SZ,0.1451,4583,1971,7
002659.SZ,0.3099,4808,2318,5
002660.SZ,0.0626,6547,1721,3
002661.SZ,0.1458,18173,595,7
002662.SZ,0.0730,12932,7171,1
002663.SZ,-0.1173,4748,1855,4
002664.SZ,0.2142,22132,530,11
002665.SZ,0.2854,10690,1059,6
002666.SZ,0.2226,7474,1872,4
002667.SZ,0.2173,3622,2210,6
002668.SZ,0.1286,20355,296,32
002669.SZ,0.2537,9807,1375,5
002670.SZ,0.1148,23561,264,6
002671.SZ,0.0637,3497,1921,4
002672.SZ,0.1870,5867,1892,4
002673.SZ,0.1763,16167,609,8
002674.SZ,0.3144,3938,2058,4
002675.SZ,0.2542,21132,890,5
002676.SZ,0.0161,9387,1090,12
002677.SZ,0.1623,9050,1668,5
002678.SZ,0.3669,2026,1649,8
002679.SZ,-0.0029,6427,1925,3
002682.SZ,0.0017,2354,1975,3
002683.SZ,0.1475,21577,403,10
002685.SZ,0.0037,10853,1512,3
002686.SZ,0.1973,2219,1804,1
002687.SZ,0.0923,2756,1980,1
002688.SZ,0.1620,9552,1339,3
002689.SZ,0.0322,11033,979,8
002690.SZ,0.2980,11450,1491,2
002691.SZ,-0.0959,2514,1748,13
002693.SZ,0.0405,3742,2101,3
002694.SZ,0.0987,4907,1780,3
002695.SZ,0.2334,10484,1330,5
002696.SZ,-0.0063,6362,1896,3
002697.SZ,0.1263,12928,841,7
002698.SZ,0.2339,10606,1434,4
002699.SZ,0.0526,22499,408,16
002701.SZ,0.1848,10381,1593,4
002702.SZ,0.1496,20646,567,9
002703.SZ,0.3168,7454,2031,2
002705.SZ,0.2162,18101,748,5
002706.SZ,0.1719,19222,764,4
002707.SZ,0.0967,17735,626,7
002708.SZ,0.1225,4867,2097,5
002709.SZ,0.1717,22698,674,9
002712.SZ,0.3014,8658,1955,3
002713.SZ,0.0799,3156,2188,3
002714.SZ,0.1227,40642,40,15
002715.SZ,0.2767,3103,1664,3
002717.SZ,-0.0407,7584,1345,2
002718.SZ,0.2226,1742,1637,1
002721.SZ,0.0569,4372,2035,2
002722.SZ,-0.0003,1971,1923,4
002723.SZ,-0.1129,4067,2061,4
002724.SZ,0.0923,4561,2089,3
002725.SZ,0.1912,5422,1936,4
002726.SZ,0.1822,35850,151,10
002727.SZ,0.1657,14074,1112,5
002728.SZ,0.0279,2780,1952,2
002729.SZ,-0.1122,2346,1713,4
002730.SZ,0.1619,6095,2401,3
002731.SZ,0.1422,7486,1779,5
002732.SZ,0.2120,5599,2070,3
002733.SZ,-0.0023,8405,1513,5
002734.SZ,0.2256,17632,963,3
002735.SZ,0.2296,5960,1805,2
002736.SZ,0.1938,16860,514,8
002737.SZ,0.1563,10404,1653,3
002738.SZ,0.4254,4956,1907,3
002739.SZ,0.1128,33212,85,36
002740.SZ,0.0494,29513,1708,1
002741.SZ,0.1418,9566,1547,5
002742.SZ,0.0840,5622,1891,5
002743.SZ,0.0862,7215,2102,2
002745.SZ,0.2023,29518,192,8
002746.SZ,0.0960,10085,1408,3
002747.SZ,0.3045,13329,1445,4
002748.SZ,nan,0,473,1
002749.SZ,0.1844,3859,2217,2
002750.SZ,0.1116,5623,1892,4
002751.SZ,0.1163,6707,1687,5
002752.SZ,0.1959,2363,1920,2
002753.SZ,-0.1057,9859,1405,6
002755.SZ,0.1395,8220,1708,3
002756.SZ,0.1199,6773,1848,3
002757.SZ,0.2493,7512,2014,4
002758.SZ,0.1415,2166,1938,2
002759.SZ,0.1741,3044,1923,4
002760.SZ,0.1208,1458,1764,2
002761.SZ,-0.1704,3997,1856,2
002762.SZ,-0.0253,3374,2042,4
002763.SZ,0.1163,1883,1805,6
002765.SZ,0.1700,4107,2061,3
002767.SZ,-0.1101,4108,1864,4
002768.SZ,0.1050,12027,1153,5
002769.SZ,0.1211,4663,2202,5
002770.SZ,-0.1509,4760,1824,4
002771.SZ,0.0767,7549,1661,5
002772.SZ,-0.0604,7187,1681,6
002773.SZ,0.2068,15895,1045,6
002774.SZ,0.2511,2685,1970,2
002775.SZ,-0.0077,2126,1851,4
002776.SZ,0.2709,7002,1872,6
002777.SZ,0.2151,9437,1567,5
002778.SZ,-0.0002,2323,1852,4
002779.SZ,0.1617,7736,1933,8
002780.SZ,0.1598,6328,1886,2
002781.SZ,0.1660,1480,1727,2
002782.SZ,0.2239,9504,1818,7
002783.SZ,0.2251,6701,2157,3
002785.SZ,0.0377,12505,1189,5
002786.SZ,-0.0023,13063,1185,8
002787.SZ,-0.0884,4720,1979,5
002788.SZ,0.0505,7936,1568,6
002789.SZ,0.0654,4025,1906,4
002790.SZ,0.2331,3472,2016,3
002791.SZ,0.1444,14768,1097,7
002792.SZ,0.0530,4366,1985,5
002793.SZ,0.1887,16050,1484,7
002795.SZ,0.0578,2861,2001,3
002796.SZ,-0.0879,4959,1913,2
002797.SZ,0.1245,49361,67,27
002798.SZ,0.1792,10786,1409,5
002799.SZ,0.1442,11328,1516,5
002800.SZ,0.0954,1837,1845,3
002801.SZ,0.0167,2300,1773,5
002802.SZ,0.2801,3337,1811,4
002803.SZ,0.1257,15889,878,6
002805.SZ,-0.0998,3006,1914,5
002806.SZ,0.1300,3963,2087,3
002807.SZ,0.2885,9326,1417,4
002808.SZ,0.1572,8621,2068,3
002809.SZ,0.0797,7412,1747,8
002810.SZ,0.2794,8200,1797,4
002811.SZ,0.1155,2240,1759,4
002812.SZ,0.1593,26991,303,5
002813.SZ,0.0697,3992,1964,5
002815.SZ,0.1327,9530,1332,6
002816.SZ,0.2460,3168,2064,3
002817.SZ,0.1611,3440,2029,10
002818.SZ,0.3586,9579,1691,3
002819.SZ,-0.1040,2966,2057,4
002820.SZ,0.0974,2892,1940,4
002821.SZ,0.2086,19133,505,3
002822.SZ,-0.1675,7704,1567,7
002823.SZ,0.0056,3357,1830,5
002824.SZ,0.2886,9393,1597,6
002825.SZ,0.2628,5131,2007,4
002826.SZ,-0.0672,7262,1596,4
002827.SZ,0.1162,11996,1440,5
002828.SZ,0.0248,4103,1912,2
002829.SZ,-0.0012,15751,810,4
002830.SZ,-0.0545,2204,1992,3
002831.SZ,0.3002,14180,1432,9
002832.SZ,0.1673,9764,1559,5
002833.SZ,0.2925,9212,1641,6
002835.SZ,-0.0081,17525,966,13
002836.SZ,-0.0334,2873,1898,6
002837.SZ,0.1358,10050,1342,3
002838.SZ,-0.0072,16332,491,11
002839.SZ,0.1718,17288,637,10
002840.SZ,0.1891,7901,1902,3
002841.SZ,0.2165,11010,1511,3
002842.SZ,0.1816,5599,1933,7
002843.SZ,0.2005,2874,2295,3
002845.SZ,0.2956,10488,1437,7
002846.SZ,0.0212,4593,1861,6
002847.SZ,0.2149,16926,694,3
002848.SZ,0.1740,8798,1881,5
002849.SZ,0.3634,2582,1694,3
002850.SZ,0.2314,14489,889,4
002851.SZ,0.2216,12262,1460,3
002852.SZ,0.1487,9814,1409,5
002853.SZ,0.1411,8656,1763,8
002855.SZ,-0.4645,2120,1844,3
002856.SZ,0.0432,1527,1583,3
002857.SZ,0.3101,1501,1579,1
002858.SZ,0.2185,1652,1685,2
002859.SZ,0.2573,11733,1461,3
002860.SZ,-0.0059,3621,1968,4
002861.SZ,0.2666,4457,2045,2
002862.SZ,0.1539,2686,1903,5
002863.SZ,0.1935,5335,2298,3
002864.SZ,0.0285,4031,1983,3
002865.SZ,0.2198,6108,2001,4
002866.SZ,0.0597,11232,1365,5
002867.SZ,0.2389,14611,1078,3
002868.SZ,0.2742,2877,1883,3
002869.SZ,-0.0218,11670,1058,5
002870.SZ,0.2751,2854,1891,3
002871.SZ,0.0675,1789,1826,3
002873.SZ,0.1289,2384,1902,4
002875.SZ,-0.3687,1469,1745,2
002876.SZ,0.1810,6380,1890,5
002877.SZ,0.0077,2967,1953,4
002878.SZ,0.1782,5793,1922,3
002879.SZ,0.2774,3772,2060,1
002880.SZ,0.2338,6324,1761,5
002881.SZ,-0.1090,4664,1893,5
002882.SZ,-0.4540,3051,1862,4
002883.SZ,0.1459,8046,1950,8
002884.SZ,0.0056,7481,2465,8
002885.SZ,-0.0137,4211,1927,4
002886.SZ,-0.0481,9574,1329,4
002887.SZ,0.2494,9803,1530,5
002888.SZ,0.2593,3435,1874,3
002889.SZ,0.1261,1856,1697,2
002890.SZ,0.1769,5378,1764,2
002891.SZ,0.2457,11465,1342,4
002892.SZ,-0.0927,2999,1953,2
002893.SZ,0.1537,3274,2076,3
002895.SZ,0.0884,8908,1489,4
002896.SZ,0.2538,3484,1794,5
002897.SZ,0.2770,13046,1261,4
002898.SZ,0.0496,8339,1937,8
002899.SZ,0.0232,2816,2115,3
002900.SZ,0.0736,3031,1976,1
002901.SZ,0.1581,9950,1380,4
002902.SZ,0.1875,12564,1266,4
002903.SZ,0.2199,4016,2085,2
002905.SZ,0.0769,15440,886,10
002906.SZ,0.1472,13814,1178,6
002907.SZ,-0.0100,4530,1881,5
002908.SZ,0.2143,15070,1188,7
002909.SZ,0.2453,9093,1803,2
002910.SZ,0.1025,6558,1924,5
002911.SZ,0.0768,2669,2011,2
002912.SZ,0.1381,12424,797,6
002913.SZ,0.4395,4106,1910,3
002915.SZ,0.1632,4494,1890,2
002916.SZ,0.0591,22773,148,7
002917.SZ,0.0420,17043,586,11
002918.SZ,-0.0000,17283,718,5
002919.SZ,0.1635,10126,2499,1
002920.SZ,0.2165,21997,505,4
002921.SZ,0.2826,3858,2044,3
002922.SZ,0.0856,2100,1813,1
002923.SZ,0.2443,5414,2041,1
002925.SZ,0.3025,16904,1121,3
002926.SZ,0.0929,33397,175,8
002927.SZ,0.0060,3786,1952,5
002928.SZ,0.1065,19700,480,4
002929.SZ,0.1750,5688,1957,2
002930.SZ,0.2196,17291,934,8
002931.SZ,0.1036,5755,1742,10
002932.SZ,0.1645,11280,1195,3
002933.SZ,0.2050,8690,1612,2
002935.SZ,0.2548,9087,1589,3
002936.SZ,0.3026,7533,1486,4
002937.SZ,0.1315,5509,2020,3
002938.SZ,0.1582,19413,539,7
002939.SZ,0.1581,19542,390,12
002940.SZ,0.0826,5677,1869,3
002941.SZ,0.2267,18894,607,6
002942.SZ,0.0454,4689,1986,6
002943.SZ,0.1605,5358,1835,5
002945.SZ,0.0442,17197,635,6
002946.SZ,0.1040,14165,836,13
002947.SZ,0.2830,8037,1890,3
002948.SZ,0.1019,5443,1888,4
002949.SZ,0.0007,10276,1546,3
002950.SZ,0.0816,14628,848,3
002951.SZ,-0.1437,2940,1891,5
002952.SZ,0.1135,2401,1822,3
002953.SZ,-0.2054,8561,1591,7
002955.SZ,-0.0332,3784,1917,4
002956.SZ,0.2056,6956,2167,3
002957.SZ,0.1998,3160,2010,4
002958.SZ,0.0626,18972,281,11
002959.SZ,0.0994,13466,825,5
002960.SZ,0.1190,10731,1481,5
002961.SZ,0.0465,4580,2012,4
002962.SZ,0.0302,7633,1550,9
002963.SZ,0.0279,3718,1937,5
002965.SZ,-0.1067,10759,1171,10
002966.SZ,-0.0729,10785,947,6
002967.SZ,0.0683,13854,1105,5
002968.SZ,0.1772,3326,1815,1
002969.SZ,-0.0734,6404,1912,3
002970.SZ,0.2337,6656,1746,4
002971.SZ,0.1875,4343,1735,2
002972.SZ,0.0484,2959,1987,2
002973.SZ,-0.0018,5736,1761,4
002975.SZ,0.1498,10629,1057,7
002976.SZ,-0.0597,5389,1777,4
002977.SZ,0.1446,8825,1474,3
002978.SZ,0.0052,6405,1698,4
002979.SZ,0.1017,11268,1313,5
002980.SZ,-0.1810,8916,1239,3
002981.SZ,-0.0127,4946,1812,4
002982.SZ,0.1342,7458,1521,3
002983.SZ,-0.0378,8331,1405,4
002985.SZ,0.0855,17700,422,8
002986.SZ,-0.1990,5072,1810,5
002987.SZ,-0.0066,10128,1228,5
002988.SZ,-0.0731,4314,2000,5
002989.SZ,0.2078,7175,1637,3
002990.SZ,0.1386,9886,1236,3
003816.SZ,0.2145,11414,758,4
159915.SZ,-0.4602,37371,21,11
159949.SZ,-1.0803,41240,31,17
300001.SZ,0.1533,12522,1072,5
300002.SZ,0.1996,16991,520,4
300003.SZ,0.1989,23546,293,4
300004.SZ,0.1634,3007,1855,1
300005.SZ,0.1175,4712,1948,3
300006.SZ,0.2335,21436,1054,5
300007.SZ,0.3086,14893,1136,6
300008.SZ,-0.0069,24943,366,8
300009.SZ,0.2225,27189,302,6
300010.SZ,0.1697,23382,644,5
300011.SZ,0.1059,3823,1945,3
300012.SZ,0.1559,17187,833,5
300013.SZ,0.0638,12120,1219,8
300014.SZ,0.1267,51185,35,16
300015.SZ,0.1877,28019,128,10
300016.SZ,0.1870,14295,969,11
300017.SZ,0.1714,21758,285,4
300018.SZ,-0.0260,7214,1489,4
300019.SZ,0.3276,12849,1397,3
300020.SZ,0.2547,11002,1425,3
300021.SZ,0.1544,5043,1846,2
300022.SZ,-0.0570,10914,1155,5
300023.SZ,0.1283,6908,1812,1
300024.SZ,0.1532,16264,630,10
300025.SZ,0.2317,5987,1929,3
300026.SZ,0.0691,14009,621,6
300027.SZ,0.0314,23767,287,23
300029.SZ,0.2841,4145,2043,2
300030.SZ,0.1291,16021,750,5
300031.SZ,0.3236,17955,869,5
300032.SZ,0.2364,3893,1912,3
300033.SZ,0.1806,24420,273,12
300034.SZ,-0.0028,14889,1127,6
300035.SZ,0.2557,10132,1396,5
300036.SZ,0.1169,18117,585,5
300037.SZ,0.2566,21359,733,6
300038.SZ,0.0283,9181,1366,5
300039.SZ,0.2167,8834,1610,6
300040.SZ,-0.0598,4982,1771,2
300041.SZ,0.3173,12893,1132,3
300042.SZ,0.1616,8667,1486,6
300043.SZ,0.3594,7942,1582,3
300044.SZ,0.1777,12747,1069,3
300045.SZ,0.1051,19855,378,7
300046.SZ,0.1136,6988,1617,4
300047.SZ,0.2613,14241,1147,5
300048.SZ,0.1187,10438,1547,6
300049.SZ,0.1074,7355,1715,2
300050.SZ,0.2765,5506,1874,4
300051.SZ,0.1229,7187,1686,4
300052.SZ,0.0033,9246,1356,5
300053.SZ,0.2324,17771,820,9
300054.SZ,0.2168,16019,915,3
300055.SZ,0.0319,5294,1829,3
300056.SZ,0.1102,6412,1889,4
300057.SZ,-0.0049,7617,11541,1
300058.SZ,0.1980,19272,555,9
300059.SZ,0.1418,125928,71,46
300061.SZ,0.1939,5249,1862,3
300062.SZ,0.1769,4762,1958,3
300063.SZ,0.1939,8622,1401,6
300064.SZ,0.1417,6026,1982,5
300065.SZ,0.1538,10483,1613,3
300066.SZ,0.0075,7587,1550,4
300067.SZ,0.1985,20728,495,9
300068.SZ,0.1608,16628,1157,5
300069.SZ,0.0904,2414,1661,2
300070.SZ,0.1655,18438,509,8
300071.SZ,0.1454,5246,2031,2
300072.SZ,0.2384,8624,1518,2
300073.SZ,0.2254,21240,674,4
300074.SZ,0.3106,5037,1806,2
300075.SZ,0.1384,9400,1369,4
300076.SZ,0.2592,4865,1934,4
300077.SZ,0.1040,18548,431,8
300078.SZ,0.1974,10573,1276,4
300079.SZ,0.1383,8458,1391,3
300080.SZ,0.1949,5671,1747,3
300081.SZ,0.1713,6559,1585,3
300082.SZ,0.2282,8738,1617,3
300083.SZ,0.0829,29669,202,16
300084.SZ,0.1323,3262,1914,3
300085.SZ,0.0842,19657,363,7
300086.SZ,0.0244,15366,714,7
300087.SZ,0.0880,17681,885,16
300088.SZ,0.1612,33473,95,28
300089.SZ,0.0092,3009,1719,3
300090.SZ,-0.1262,503,1070,3
300091.SZ,0.2000,21288,526,6
300092.SZ,0.2713,6183,1761,2
300093.SZ,0.0643,6778,1714,7
300094.SZ,0.1584,14209,4069,9
300095.SZ,0.2451,12784,1332,6
300096.SZ,0.0332,10056,1193,5
300097.SZ,0.4715,12932,1239,3
300098.SZ,0.0516,10493,1128,3
300099.SZ,-0.0080,47292,339,8
300100.SZ,0.1777,6198,1719,2
300101.SZ,0.0512,24877,277,10
300102.SZ,0.1889,12131,1080,9
300103.SZ,0.0994,7413,1756,4
300105.SZ,0.1901,2523,1765,4
300106.SZ,0.2093,6228,1746,2
300107.SZ,0.0684,12660,1196,7
300108.SZ,0.0290,5366,1896,2
300109.SZ,0.0810,8013,1571,4
300110.SZ,0.1851,10783,1457,4
300111.SZ,0.0505,6439,1402,4
300112.SZ,0.2491,3773,1800,3
300113.SZ,0.1709,15808,704,4
300114.SZ,0.2374,14188,1240,3
300115.SZ,0.2091,22596,419,6
300116.SZ,0.1574,8782,932,5
300117.SZ,0.2874,3760,1886,2
300118.SZ,0.1602,16751,790,7
300119.SZ,0.2232,13427,901,5
300120.SZ,0.1657,16053,753,6
300121.SZ,0.2829,5687,1786,3
300122.SZ,0.1085,53167,35,19
300123.SZ,-0.0008,39108,96,10
300124.SZ,0.1665,29457,311,7
300125.SZ,0.1672,5049,1950,4
300126.SZ,0.2034,4264,1949,2
300127.SZ,0.0486,9529,1347,3
300128.SZ,0.0894,11368,1252,5
300129.SZ,0.3279,8074,1727,5
300130.SZ,0.1648,8189,1606,2
300131.SZ,0.1498,11926,968,10
300132.SZ,0.2191,17633,908,4
300133.SZ,0.1740,31884,379,13
300134.SZ,0.1066,7714,1515,6
300135.SZ,0.2958,3706,1885,3
300136.SZ,0.1573,39322,83,6
300137.SZ,0.1657,12243,1339,4
300138.SZ,0.3142,15084,1251,4
300139.SZ,0.0635,14642,752,4
300140.SZ,0.0561,14967,707,6
300141.SZ,0.0553,5047,1849,2
300142.SZ,0.1224,49088,93,9
300143.SZ,0.1288,14244,1281,3
300144.SZ,-0.0043,25506,774,5
300145.SZ,0.2926,8508,1633,2
300146.SZ,0.2059,34479,231,8
300147.SZ,0.2602,10996,1504,5
300148.SZ,0.1772,24152,810,9
300149.SZ,0.2715,17762,1005,6
300150.SZ,0.3006,3749,1835,3
300151.SZ,0.2112,14551,1226,4
300152.SZ,0.3176,4222,1824,4
300153.SZ,-0.1210,2600,1684,3
300154.SZ,0.2781,3272,1780,2
300155.SZ,0.0807,10045,1162,6
300156.SZ,-0.4994,357,874,2
300157.SZ,0.2106,8087,1902,8
300158.SZ,0.2455,15311,1286,5
300159.SZ,0.1097,11847,1153,4
300160.SZ,-0.0413,9585,1288,3
300161.SZ,0.2361,7617,1618,5
300162.SZ,0.0877,5542,1718,7
300163.SZ,0.0935,7445,1906,3
300164.SZ,0.1227,3325,1812,3
300165.SZ,0.0587,5466,1737,4
300166.SZ,0.1108,16321,711,6
300167.SZ,0.2716,4862,1964,3
300168.SZ,0.2039,14652,1059,5
300169.SZ,0.0450,7277,1916,3
300170.SZ,0.2589,11223,1260,4
300171.SZ,0.0929,19710,464,7
300172.SZ,0.1087,3000,1824,4
300173.SZ,0.0982,6398,1894,6
300174.SZ,0.3713,5039,1692,3
300175.SZ,0.1324,6525,1835,3
300176.SZ,0.1838,4884,1918,3
300177.SZ,0.1550,24335,13188,6
300178.SZ,0.0528,10004,1227,7
300179.SZ,0.3414,6735,1887,4
300180.SZ,0.1510,7997,1530,3
300181.SZ,0.0435,6384,1605,4
300182.SZ,0.2590,26263,266,7
300183.SZ,0.1889,14997,822,7
300184.SZ,0.1929,11767,974,10
300185.SZ,-0.0239,20409,166,6
300187.SZ,0.3530,5272,1948,2
300188.SZ,0.2319,12918,1193,6
300189.SZ,0.1026,10537,28160,1
300190.SZ,0.1817,10255,1648,5
300191.SZ,0.1684,5537,1680,3
300192.SZ,0.2694,11626,1360,4
300193.SZ,0.2255,8321,1496,5
300194.SZ,0.3066,20359,833,8
300195.SZ,0.2937,6796,1840,5
300196.SZ,0.0606,7051,1760,3
300197.SZ,0.2723,7309,1755,7
300198.SZ,0.0741,8655,1712,4
300199.SZ,0.1260,11034,1411,2
300200.SZ,0.1096,10822,1467,4
300201.SZ,0.0571,16995,802,7
300202.SZ,0.1101,9989,1360,7
300203.SZ,0.2344,10710,1754,4
300204.SZ,0.2022,5569,1929,4
300205.SZ,0.2021,8275,1904,3
300206.SZ,0.2287,18469,618,7
300207.SZ,0.1970,38180,198,8
300208.SZ,-0.0648,5151,1681,5
300209.SZ,0.1179,7888,1584,3
300210.SZ,0.2469,5917,1998,4
300211.SZ,0.1914,4123,1802,2
300212.SZ,0.2093,14754,992,6
300213.SZ,0.1420,8915,1469,3
300214.SZ,0.2333,6048,2024,1
300215.SZ,0.2428,12727,1271,6
300216.SZ,nan,4699,1312,2
300217.SZ,0.0523,5589,1616,5
300218.SZ,0.0454,7967,1446,3
300219.SZ,0.3437,7732,1770,3
300220.SZ,0.1100,5278,1661,3
300221.SZ,-0.0139,7067,1604,11
300222.SZ,0.1368,11337,11926,1
300223.SZ,0.0621,13607,878,5
300224.SZ,0.0844,12389,1127,6
300225.SZ,0.1943,13803,1501,2
300226.SZ,0.1201,7508,1592,3
300227.SZ,0.2194,16273,718,6
300228.SZ,0.2594,9934,5056,1
300229.SZ,0.1949,14528,967,5
300230.SZ,0.2706,6470,1946,2
300231.SZ,0.2269,17525,981,5
300232.SZ,0.0795,11576,1432,4
300233.SZ,0.1996,12382,1186,6
300234.SZ,-0.0991,6772,1652,5
300235.SZ,0.0044,5275,1704,2
300236.SZ,0.0711,15824,525,14
300237.SZ,-0.1304,6149,1777,4
300238.SZ,0.2236,21053,599,6
300239.SZ,0.1071,6229,1751,4
300240.SZ,0.2622,4149,2092,3
300241.SZ,0.2123,14849,1054,15
300242.SZ,0.1113,12007,1057,6
300243.SZ,0.1384,7210,1867,3
300244.SZ,0.1945,18368,894,5
300245.SZ,0.1220,5568,1909,2
300246.SZ,0.1344,11672,952,7
300247.SZ,-0.1414,4217,1741,4
300248.SZ,0.2344,14501,1003,5
300249.SZ,0.1461,3880,1770,3
300250.SZ,0.1888,5422,1724,5
300251.SZ,0.1083,19086,613,6
300252.SZ,0.0835,16331,802,12
300253.SZ,0.1854,29720,109,9
300254.SZ,0.0017,7287,1714,5
300255.SZ,0.1293,11442,1070,6
300256.SZ,0.2022,18633,990,5
300257.SZ,0.2730,16437,1134,7
300258.SZ,0.1856,4435,1917,4
300259.SZ,0.0993,7429,1709,1
300260.SZ,0.0503,7890,1641,6
300261.SZ,0.1673,14541,947,3
300262.SZ,0.0883,5022,1811,3
300263.SZ,0.1974,18678,695,7
300264.SZ,0.3228,4537,1928,3
300265.SZ,-0.0030,7037,1612,4
300266.SZ,-0.0349,7545,1664,3
300267.SZ,0.0733,6107,1640,3
300268.SZ,0.1847,2392,1695,2
300269.SZ,0.1795,4893,1924,3
300270.SZ,0.2093,6280,1735,5
300271.SZ,0.0934,13091,1043,2
300272.SZ,0.1901,3515,1923,2
300273.SZ,0.2793,10675,1640,5
300274.SZ,-0.0002,37014,339,6
300275.SZ,0.0894,8229,1862,2
300276.SZ,0.1023,5918,1616,3
300277.SZ,0.1453,6990,1852,2
300278.SZ,0.1244,8180,10594,1
300279.SZ,0.1609,4746,1869,3
300280.SZ,0.2490,11226,1406,3
300281.SZ,-0.0024,5865,1904,2
300282.SZ,0.0065,3964,1884,4
300283.SZ,0.0438,3264,1787,4
300284.SZ,0.0540,9563,1243,3
300285.SZ,0.2480,20371,486,5
300286.SZ,0.2794,3393,1695,4
300287.SZ,0.0974,11059,1065,5
300288.SZ,0.1062,6426,1745,5
300289.SZ,0.2282,4953,1867,2
300290.SZ,0.1825,6200,1809,5
300291.SZ,0.1770,4971,1823,2
300292.SZ,-0.1192,11167,776,7
300293.SZ,0.1642,22027,328,6
300294.SZ,0.2200,19235,777,5
300295.SZ,0.0262,4192,1818,2
300296.SZ,0.2548,19399,631,5
300297.SZ,0.0950,21781,481,7
300298.SZ,0.2112,18332,662,4
300299.SZ,0.1568,18570,421,10
300300.SZ,0.2394,10179,1589,3
300301.SZ,0.0838,2957,1837,3
300302.SZ,0.1576,10365,1670,5
300303.SZ,0.2179,18138,577,10
300304.SZ,0.1688,7037,1599,10
300305.SZ,0.1156,3644,1726,4
300306.SZ,-0.1023,2677,1776,2
300307.SZ,0.2951,8367,1945,2
300308.SZ,0.2147,23092,269,5
300309.SZ,0.1892,4584,1675,5
300310.SZ,0.1327,9540,1345,4
300311.SZ,-0.0143,7633,1575,9
300312.SZ,0.0232,3410,10285,1
300313.SZ,0.0318,5560,1962,5
300314.SZ,0.2280,9855,1480,3
300315.SZ,0.1957,27443,215,5
300316.SZ,0.1908,18111,639,5
300317.SZ,0.1299,5158,1898,5
300318.SZ,0.0794,34296,193,11
300319.SZ,0.1655,11990,1191,8
300320.SZ,0.2131,13843,1079,5
300321.SZ,0.2780,2392,1415,2
300322.SZ,0.1030,7210,1501,4
300323.SZ,0.1408,17739,4546,1
300324.SZ,0.2352,11841,995,4
300325.SZ,-0.1528,7746,1281,4
300326.SZ,0.0561,15346,801,5
300327.SZ,0.2300,20433,576,6
300328.SZ,0.1844,13448,1168,5
300329.SZ,0.2009,2707,1719,3
300330.SZ,0.2151,3996,1896,2
300331.SZ,0.1221,6036,1761,4
300332.SZ,0.2190,3119,1726,4
300333.SZ,-0.2455,7011,1669,4
300334.SZ,0.2116,6405,1977,3
300335.SZ,0.2080,2646,1655,3
300336.SZ,-0.0155,6399,1514,8
300337.SZ,0.1732,10411,1440,5
300338.SZ,0.1409,3078,1807,2
300339.SZ,0.1442,16537,718,8
300340.SZ,0.0988,10419,1336,7
300341.SZ,0.1114,6191,1905,5
300342.SZ,0.1019,12918,1001,5
300343.SZ,-0.0421,5994,1665,5
300344.SZ,0.2199,2296,1757,2
300345.SZ,0.2201,5752,1980,3
300346.SZ,0.0987,20777,246,9
300347.SZ,0.1941,23203,372,4
300348.SZ,0.2464,18180,680,6
300349.SZ,0.1892,6840,1671,2
300350.SZ,0.2196,4786,1937,3
300351.SZ,0.1751,3937,1840,6
300352.SZ,0.1281,15780,484,8
300353.SZ,0.1420,11658,1167,4
300354.SZ,0.2145,8808,1701,3
300355.SZ,0.0361,8110,1657,3
300356.SZ,-0.0392,5095,1743,4
300357.SZ,0.2300,10877,1294,2
300358.SZ,-0.0022,15271,977,5
300359.SZ,0.2150,6672,1832,4
300360.SZ,0.2103,7154,1601,3
300363.SZ,0.2480,24942,479,4
300364.SZ,0.1073,14938,1056,4
300365.SZ,0.1245,7197,1784,6
300366.SZ,-0.0022,27254,694,6
300367.SZ,0.0178,7064,1502,4
300368.SZ,0.1288,16498,583,10
300369.SZ,0.1964,22790,965,3
300370.SZ,0.2790,3295,14782,1
300371.SZ,0.2372,5352,1775,3
300373.SZ,0.2174,16073,669,6
300374.SZ,0.2228,12681,1481,5
300375.SZ,-0.0099,7502,1487,7
300376.SZ,0.1021,6337,1632,4
300377.SZ,0.0180,8312,1429,5
300378.SZ,-0.0092,17924,1014,8
300379.SZ,0.1252,15222,722,9
300380.SZ,0.1976,4222,1857,2
300381.SZ,0.1444,11778,1289,3
300382.SZ,0.2820,11264,1478,2
300383.SZ,0.1283,23976,218,10
300384.SZ,0.1409,8832,1493,5
300385.SZ,0.1738,2611,1702,3
300386.SZ,0.1200,23625,297,15
300387.SZ,0.2643,6992,1769,7
300388.SZ,0.2291,7757,1808,3
300389.SZ,0.2533,5884,2021,4
300390.SZ,0.1250,18508,695,16
300391.SZ,0.2100,5237,1820,2
300392.SZ,0.2504,4946,1936,2
300393.SZ,0.2495,11360,1337,3
300394.SZ,0.2481,13081,1136,4
300395.SZ,0.1577,22093,904,3
300396.SZ,0.1071,5571,1850,2
300397.SZ,0.1153,18620,647,8
300398.SZ,0.1517,10621,1267,6
300399.SZ,0.1331,4524,1846,2
300400.SZ,0.1741,15091,1107,5
300401.SZ,0.2851,25060,743,5
300402.SZ,0.0003,8089,1679,2
300403.SZ,0.2990,8030,1913,4
300404.SZ,0.0875,10560,1335,7
300405.SZ,0.0075,7545,1733,3
300406.SZ,0.3154,12419,1474,2
300407.SZ,0.0997,3183,1922,4
300408.SZ,0.1973,18535,834,6
300409.SZ,0.2647,14697,1079,7
300410.SZ,0.2853,7184,1850,5
300411.SZ,-0.0177,12323,1075,4
300412.SZ,0.2330,4675,1932,3
300413.SZ,0.1354,24466,535,8
300414.SZ,0.0827,10663,1366,6
300415.SZ,0.1976,5983,1590,3
300416.SZ,0.0891,11150,1373,3
300417.SZ,0.0637,2765,1773,2
300418.SZ,0.2004,27165,221,11
300419.SZ,0.1378,5429,1825,3
300420.SZ,0.3074,12635,1114,5
300421.SZ,0.2600,3427,1829,2
300422.SZ,-0.0109,5602,1820,2
300423.SZ,0.2798,9427,1770,4
300424.SZ,0.0926,12076,1159,3
300425.SZ,0.1418,8336,1503,3
300426.SZ,0.2057,8827,1660,3
300427.SZ,0.2251,21313,699,8
300428.SZ,0.2977,6532,1891,3
300429.SZ,0.0786,10691,1118,9
300430.SZ,0.1840,4531,1835,1
300432.SZ,0.2385,21936,502,11
300433.SZ,0.1504,58102,30,39
300434.SZ,0.2677,3954,1835,2
300435.SZ,0.2598,7250,1850,3
300436.SZ,0.2553,4808,1836,2
300437.SZ,0.3625,3454,1713,3
300438.SZ,0.2213,9899,1595,3
300439.SZ,0.2300,9998,1314,5
300440.SZ,0.2215,5831,1841,4
300441.SZ,0.1616,3792,1799,4
300442.SZ,0.2272,3147,1674,1
300443.SZ,0.1474,15537,876,7
300444.SZ,0.2088,4038,1834,2
300445.SZ,0.1630,4237,1697,3
300446.SZ,0.1059,4120,1924,3
300447.SZ,0.2337,7983,1883,3
300448.SZ,0.1624,10183,1246,8
300449.SZ,0.0284,11447,1333,8
300450.SZ,0.1361,26902,273,6
300451.SZ,0.1110,19208,452,5
300452.SZ,0.2673,7724,1635,3
300453.SZ,0.1176,16786,882,5
300454.SZ,0.1887,11219,1097,4
300455.SZ,0.1684,15913,963,5
300456.SZ,0.2187,11556,1231,6
300457.SZ,0.0849,10333,1338,5
300458.SZ,0.1649,12505,1021,5
300459.SZ,0.2181,17401,500,6
300460.SZ,0.1038,13502,1009,6
300461.SZ,0.1125,3182,1698,2
300462.SZ,0.2975,5734,1799,2
300463.SZ,0.1842,17891,732,4
300464.SZ,-0.0012,12846,1106,9
300465.SZ,0.0560,13086,887,5
300466.SZ,0.1326,7119,1679,4
300467.SZ,0.0967,6061,1871,4
300468.SZ,0.0595,13293,900,4
300469.SZ,0.1682,6600,1884,4
300470.SZ,0.2321,6772,1750,4
300471.SZ,0.0622,5840,1716,4
300472.SZ,0.1888,2776,1801,2
300473.SZ,0.0343,11650,1132,11
300474.SZ,0.1313,14581,905,6
300475.SZ,0.0563,5074,1810,4
300476.SZ,0.2520,14570,1079,4
300477.SZ,0.1643,12073,1492,7
300478.SZ,-0.1343,2513,1701,3
300479.SZ,0.1423,8535,1615,4
300480.SZ,0.2503,7713,1653,3
300481.SZ,0.2653,10606,1436,2
300482.SZ,0.2063,18646,541,5
300483.SZ,0.1109,2940,1627,2
300484.SZ,0.2244,7189,1858,3
300485.SZ,0.1832,14731,902,3
300486.SZ,0.1092,2833,1546,3
300487.SZ,0.1892,7369,1513,6
300488.SZ,0.3048,2128,1546,2
300489.SZ,0.0003,7525,1212,3
300490.SZ,0.0194,3196,1796,4
300491.SZ,-0.2240,2339,1653,4
300492.SZ,0.1632,4819,1736,3
300493.SZ,0.0969,8395,1546,5
300494.SZ,0.1187,11799,1459,5
300495.SZ,0.1234,7434,1709,4
300496.SZ,0.1977,31530,206,7
300497.SZ,0.1843,25387,322,6
300498.SZ,0.2366,23479,165,6
300499.SZ,0.0441,4361,1784,3
300500.SZ,0.1126,2165,1731,2
300501.SZ,-0.0019,10205,1291,2
300502.SZ,0.1909,20764,444,7
300503.SZ,0.2183,8068,1688,7
300504.SZ,0.2678,6639,1757,5
300505.SZ,0.0885,4995,1902,4
300506.SZ,0.0964,6092,1698,6
300507.SZ,0.1322,6625,1829,4
300508.SZ,0.1710,2529,1636,5
300509.SZ,-0.0389,2491,1667,2
300510.SZ,0.1953,6865,1745,3
300511.SZ,0.1809,16017,910,4
300512.SZ,-0.0002,9806,1287,6
300513.SZ,0.0387,4505,1779,4
300514.SZ,0.1271,3894,1870,2
300515.SZ,0.1771,4347,1854,2
300516.SZ,0.1193,9423,1272,7
300517.SZ,0.2756,2836,1645,3
300518.SZ,0.1344,4795,1778,2
300519.SZ,0.2763,4639,1820,3
300520.SZ,0.1208,5923,1660,5
300521.SZ,0.1293,6494,1797,2
300522.SZ,0.2478,8602,1735,2
300523.SZ,0.2991,7476,1527,4
300525.SZ,0.2169,12617,1144,5
300526.SZ,0.1995,7263,1477,3
300527.SZ,0.1402,17310,762,5
300528.SZ,0.1000,5784,2030,3
300529.SZ,0.2145,21840,478,5
300530.SZ,0.4082,2171,1352,3
300531.SZ,0.2053,16379,1149,5
300532.SZ,0.2168,7587,1762,5
300533.SZ,0.2230,4859,1849,3
300534.SZ,0.3108,4234,1807,2
300535.SZ,0.2931,2550,1473,3
300536.SZ,0.0064,10059,1767,4
300537.SZ,0.1441,4787,1798,2
300538.SZ,0.2110,5174,1713,6
300539.SZ,0.3273,2220,1635,3
300540.SZ,0.0789,2628,1649,2
300541.SZ,0.1832,9254,1585,4
300542.SZ,-0.0442,4248,1790,2
300543.SZ,0.0909,5388,1821,2
300545.SZ,0.2034,6705,1714,5
300546.SZ,0.0441,3426,1784,3
300547.SZ,0.2762,3851,1912,5
300548.SZ,0.2809,9194,1399,3
300549.SZ,0.0298,2370,1495,2
300550.SZ,0.1803,4512,1653,1
300551.SZ,0.1308,9128,1520,2
300552.SZ,0.2109,11064,1250,4
300553.SZ,0.0217,1566,1529,3
300554.SZ,0.1421,8979,1653,4
300555.SZ,0.2771,4856,1938,4
300556.SZ,0.1396,8086,1429,2
300557.SZ,0.2235,3970,1758,5
300558.SZ,0.1816,21517,351,4
300559.SZ,0.2855,15887,1159,5
300560.SZ,0.2763,4931,1717,2
300561.SZ,-0.0422,7722,1472,8
300562.SZ,0.2520,6169,1775,3
300563.SZ,0.3051,6223,1654,5
300564.SZ,0.1156,6563,1661,4
300565.SZ,0.3614,7850,1783,3
300566.SZ,0.3116,10621,1407,4
300567.SZ,0.1616,16860,737,5
300568.SZ,0.1941,11168,1421,5
300569.SZ,0.1669,7355,1745,3
300570.SZ,0.3318,5651,1778,4
300571.SZ,0.1735,8644,1455,3
300572.SZ,0.2839,9630,1670,4
300573.SZ,0.0000,7606,1268,2
300575.SZ,0.3192,11628,1194,2
300576.SZ,0.0397,16904,533,12
300577.SZ,0.1990,8441,1545,5
300578.SZ,0.0892,12544,891,8
300579.SZ,0.1354,17126,610,22
300580.SZ,0.4712,5652,1770,3
300581.SZ,0.0838,7943,1631,4
300582.SZ,0.2636,4803,1836,3
300583.SZ,0.0657,2434,1695,2
300584.SZ,0.1866,7730,1671,4
300585.SZ,0.2216,7933,1763,8
300586.SZ,-0.0562,5736,1576,6
300587.SZ,0.2564,9075,1691,5
300588.SZ,0.2233,4177,1833,1
300589.SZ,0.0781,9261,1378,5
300590.SZ,0.0471,8182,1465,5
300591.SZ,0.1892,8198,1821,4
300592.SZ,0.1716,11575,1612,2
300593.SZ,0.0836,8207,1644,4
300594.SZ,-0.1395,3425,1765,4
300595.SZ,0.2048,15738,764,7
300596.SZ,0.1935,15927,1062,3
300597.SZ,-0.0679,4125,1798,3
300598.SZ,0.0860,19475,303,6
300599.SZ,0.1555,9160,1696,2
300600.SZ,nan,0,5387,1
300601.SZ,-0.0018,23035,776,4
300602.SZ,0.2092,10504,1261,3
300603.SZ,0.0318,8884,1407,4
300604.SZ,0.1885,8745,1588,4
300605.SZ,0.2613,5106,1906,2
300606.SZ,0.1782,3808,1707,3
300607.SZ,0.2406,15801,892,5
300608.SZ,0.1795,3010,1805,4
300609.SZ,0.1667,4530,1690,3
300610.SZ,0.1094,11703,1360,9
300611.SZ,0.1179,3098,1667,4
300612.SZ,0.2765,8661,1469,5
300613.SZ,0.1283,11023,1076,4
300615.SZ,0.2720,3609,1830,3
300616.SZ,0.2676,7429,1636,3
300617.SZ,0.2458,8379,1483,4
300618.SZ,0.1837,26919,451,8
300619.SZ,0.0308,2273,1572,4
300620.SZ,0.2240,5629,1619,2
300621.SZ,0.0959,2001,9705,1
300622.SZ,0.2405,3263,1799,2
300623.SZ,0.0874,12910,1016,6
300624.SZ,0.1173,12815,985,4
300625.SZ,0.0978,3695,1853,2
300626.SZ,0.0400,4553,2064,3
300627.SZ,0.1571,15635,788,5
300628.SZ,0.1897,14227,1083,5
300629.SZ,0.1338,8839,1432,7
300630.SZ,0.2271,14899,852,5
300631.SZ,0.2469,4148,1775,2
300632.SZ,0.0781,5098,1895,3
300633.SZ,0.2660,7704,1580,3
300634.SZ,0.1464,17440,667,7
300635.SZ,-0.0065,2493,1682,2
300636.SZ,0.3060,8017,1572,2
300637.SZ,0.1738,4284,1926,3
300638.SZ,0.2803,19778,604,5
300639.SZ,0.2929,22877,533,5
300640.SZ,0.2106,2419,1738,2
300641.SZ,0.1497,2620,1822,3
300642.SZ,0.2678,5671,1816,4
300643.SZ,0.1644,7709,1483,8
300644.SZ,0.2175,4086,1727,2
300645.SZ,0.0705,3940,1809,2
300647.SZ,0.1354,5953,1938,5
300648.SZ,0.2090,10185,1458,4
300649.SZ,0.1580,2524,1688,2
300650.SZ,0.2023,4578,1819,2
300651.SZ,0.2055,3854,1673,2
300652.SZ,0.0407,2416,1439,3
300653.SZ,0.2156,9943,1366,3
300654.SZ,0.2816,3240,1920,2
300655.SZ,0.0471,8193,1309,8
300656.SZ,0.1984,4605,1727,3
300657.SZ,0.1869,11321,1403,1
300658.SZ,0.2729,7599,1689,5
300659.SZ,0.1581,11240,1223,4
300660.SZ,0.1765,5397,1883,2
300661.SZ,0.1163,18382,580,3
300662.SZ,0.2433,8053,1449,4
300663.SZ,0.1150,13227,1015,8
300664.SZ,0.0213,12984,856,5
300665.SZ,0.2345,2938,1787,2
300666.SZ,0.1586,18046,619,5
300667.SZ,0.0841,11588,1253,7
300668.SZ,0.1618,2020,1599,2
300669.SZ,0.0929,2194,1779,3
300670.SZ,0.2128,3055,1739,4
300671.SZ,0.1438,19398,757,10
300672.SZ,0.1865,6419,1697,4
300673.SZ,0.2757,10797,1286,4
300674.SZ,0.2756,11051,1326,6
300675.SZ,0.1081,6215,1676,3
300676.SZ,0.1983,24199,295,6
300677.SZ,0.1852,18183,573,3
300678.SZ,0.1725,7334,1785,2
300679.SZ,0.2402,5822,1728,3
300680.SZ,0.1452,11579,1413,3
300681.SZ,0.1395,2252,1525,1
300682.SZ,0.1245,9290,1427,5
300683.SZ,0.0661,6698,1627,3
300684.SZ,0.2730,11238,1390,7
300685.SZ,0.2010,13589,1020,2
300686.SZ,0.1090,8194,1483,4
300687.SZ,0.2852,11452,1433,3
300688.SZ,0.1063,3584,1813,5
300689.SZ,0.1361,3145,1686,2
300690.SZ,0.3246,13342,1242,3
300691.SZ,0.1265,2723,1758,3
300692.SZ,0.2417,6814,1760,2
300693.SZ,0.1690,6706,1786,3
300694.SZ,0.2342,4581,1845,5
300695.SZ,0.2510,5863,1594,2
300696.SZ,0.2375,12322,1278,3
300697.SZ,0.2120,4601,1727,2
300698.SZ,0.1219,3573,1704,3
300699.SZ,0.1984,20841,427,7
300700.SZ,-0.0404,5833,1728,3
300701.SZ,0.3394,8862,1424,3
300702.SZ,0.2926,10892,1231,3
300703.SZ,0.1422,12783,1383,3
300705.SZ,0.2474,9862,1637,4
300706.SZ,-0.0060,5543,1700,4
300707.SZ,0.1752,4702,1763,3
300708.SZ,0.1517,18862,2197,1
300709.SZ,0.2089,9837,1423,3
300710.SZ,0.2327,5322,1834,2
300711.SZ,0.1697,3197,1823,2
300712.SZ,0.0814,4201,1919,2
300713.SZ,0.2348,3117,1700,2
300715.SZ,0.1982,14319,1132,4
300716.SZ,0.3219,3619,1853,3
300717.SZ,0.1550,3453,1828,2
300718.SZ,0.0821,3626,1797,4
300719.SZ,0.1897,12256,1370,4
300720.SZ,0.1635,2229,1625,2
300721.SZ,0.1295,9587,8800,1
300722.SZ,0.0885,6616,1713,4
300723.SZ,0.1684,6823,1715,2
300724.SZ,0.2190,13268,1023,3
300725.SZ,0.2496,10839,1425,3
300726.SZ,-0.0037,18597,859,8
300727.SZ,0.2558,3509,1754,3
300729.SZ,0.2253,12630,1150,3
300730.SZ,-0.1387,3923,1918,3
300731.SZ,0.1964,3292,1816,3
300732.SZ,0.1698,3998,1856,3
300733.SZ,0.3238,3896,1752,1
300735.SZ,0.0674,7693,1498,2
300736.SZ,0.1699,2386,1515,3
300737.SZ,0.1665,14467,1033,6
300738.SZ,0.1340,13853,1052,4
300739.SZ,0.2346,7121,1695,3
300740.SZ,0.2495,18097,834,4
300741.SZ,0.3353,13638,1123,3
300742.SZ,0.0890,6009,1817,4
300743.SZ,0.1439,2244,1544,2
300745.SZ,0.1189,5388,2477,1
300746.SZ,0.2167,7984,1890,3
300747.SZ,0.2270,8723,1487,4
300748.SZ,0.1062,47181,44,18
300749.SZ,0.1733,5639,1763,2
300750.SZ,0.0879,50688,47,23
300751.SZ,0.2515,7594,1350,2
300752.SZ,0.3110,2394,1680,2
300753.SZ,0.0487,4446,1752,4
300755.SZ,0.1129,7803,1484,4
300756.SZ,0.1949,3635,1660,2
300757.SZ,0.2349,2472,1485,2
300758.SZ,-0.0124,13627,1134,5
300759.SZ,0.1918,17890,705,6
300760.SZ,0.2047,21801,421,14
300761.SZ,0.1048,4949,1742,5
300762.SZ,0.3249,8172,1518,5
300763.SZ,0.1193,10919,1193,5
300765.SZ,0.2033,5582,1735,3
300766.SZ,0.2602,10571,1542,3
300767.SZ,0.1881,10722,1258,6
300768.SZ,0.2225,8150,1600,2
300769.SZ,0.3069,5431,1746,2
300770.SZ,0.2228,10232,1323,4
300771.SZ,0.0942,11348,1155,5
300772.SZ,0.1255,5433,1829,3
300773.SZ,0.0032,19694,398,8
300775.SZ,0.1306,15083,932,9
300776.SZ,0.1072,15937,897,7
300777.SZ,0.1952,12402,1306,3
300778.SZ,0.2474,787,5196,1
300779.SZ,-0.0529,3099,1722,3
300780.SZ,-0.0170,2768,1777,3
300781.SZ,0.1542,4508,1904,3
300782.SZ,0.1077,19392,343,10
300783.SZ,0.0836,10748,1255,5
300785.SZ,0.0978,7905,1432,3
300786.SZ,0.1417,2124,1650,2
300787.SZ,-0.0226,4444,1867,3
300788.SZ,-0.0907,3810,1660,2
300789.SZ,-0.0987,1882,1520,1
300790.SZ,0.0143,3808,1876,2
300791.SZ,0.1832,7278,1443,3
300792.SZ,0.1821,12547,964,4
300793.SZ,0.0987,7561,1451,9
300795.SZ,0.0198,3345,1696,4
300796.SZ,0.1241,2498,1697,2
300797.SZ,0.0226,4139,1888,2
300798.SZ,0.1768,6667,1574,4
300799.SZ,0.1516,5980,1622,6
300800.SZ,-0.2264,3087,1769,2
300801.SZ,-0.0405,4497,1669,3
300802.SZ,-0.1052,3384,1772,2
300803.SZ,0.0045,10876,1024,5
300805.SZ,0.0973,3470,1706,5
300806.SZ,0.0893,6248,1670,3
300807.SZ,0.0342,2998,1641,3
300808.SZ,0.0913,2486,1825,4
300809.SZ,0.2813,2971,1869,4
300810.SZ,0.0813,8165,1357,4
300811.SZ,0.0709,4714,1709,4
300812.SZ,0.0855,3178,1728,6
300813.SZ,0.0592,5371,1664,4
300815.SZ,0.2228,8070,1405,6
300816.SZ,0.0517,5724,1631,3
300817.SZ,0.0086,6130,1587,4
300818.SZ,0.0794,3166,1805,2
300819.SZ,0.0316,3424,1762,6
300820.SZ,0.0366,5638,1684,5
300821.SZ,0.1023,24644,203,14
300822.SZ,-0.0541,3277,1818,1
300823.SZ,0.0751,11732,1790,1
300825.SZ,0.1115,12259,1117,9
300826.SZ,-0.0704,2062,1670,2
300827.SZ,0.1218,8319,1400,4
300828.SZ,-0.0746,5154,1668,5
300829.SZ,0.1708,8780,1330,5
300830.SZ,-0.0231,5819,1743,3
300831.SZ,-0.0188,8542,1566,5
300832.SZ,0.1347,10720,1098,7
300833.SZ,-0.0547,4741,1665,2
300835.SZ,0.0354,7767,1347,4
300836.SZ,-0.0765,2626,1707,2
300837.SZ,0.1299,7205,1679,6
300838.SZ,-0.1344,5214,1637,2
300841.SZ,-0.0026,13858,779,5
